City,Temperature,Cloudiness,Country,Date,Humidity,Lattitude,Longitude,Max Temp,Wind Speed,City Number
Antalya,80.6,40,TR,1567542213,74,36.9,30.69,80.6,2.24,323777
Avarua,73.4,35,CK,1567542213,56,-21.21,-159.78,73.4,12.75,4035715
Albany,74.97,40,US,1567542214,50,42.65,-73.75,78.8,5.82,5106834
Esperance,48.2,40,AU,1567542214,81,-33.86,121.89,48.2,13.87,2071860
Hilo,81.73,20,US,1567542214,62,19.71,-155.08,84.99,6.93,5855927
Kitakami,60.57,64,JP,1567542214,87,39.29,141.1,60.57,2.06,2112227
Leningradskiy,35.19,98,RU,1567542215,82,69.38,178.42,35.19,4.59,2123814
Cabo San Lucas,88.61,20,MX,1567542173,46,22.89,-109.91,93.0,8.84,3985710
Saint-Augustin,67.53,75,CA,1567542215,45,45.63,-73.98,69.01,2.24,6138501
Husavik,57.99,98,CA,1567542216,60,50.56,-96.99,57.99,3.0,5961417
Port Elizabeth,82.11,20,US,1567542216,61,39.31,-74.98,87.01,6.93,4501427
Cape Town,59.2,75,ZA,1567542020,72,-33.93,18.42,60.01,16.11,3369157
Vila,70.32,0,IT,1567542217,68,45.18,8.4,75.99,2.24,3164565
Airai,63.99,0,TL,1567542217,79,-8.93,125.41,63.99,4.7,1651810
Vaini,75.15,100,IN,1567542218,96,15.34,74.49,75.15,3.71,1273574
Rikitea,72.09,100,PF,1567542218,87,-23.12,-134.97,72.09,9.24,4030556
Half Moon Bay,73.15,90,US,1567542218,88,37.46,-122.43,81.0,9.17,5354943
Mar del Plata,37.71,69,AR,1567542219,45,-46.43,-67.52,37.71,19.04,3863379
Saint-Georges,65.01,100,CA,1567542219,60,46.12,-70.67,66.99,1.01,6295855
Arraial do Cabo,73.4,75,BR,1567542219,88,-22.97,-42.02,73.4,14.99,3471451
Key Largo,89.71,20,US,1567542220,66,25.09,-80.45,93.99,17.22,4160795
Dera Ghazi Khan,94.05,3,PK,1567542220,42,30.03,70.64,94.05,10.04,1180289
Russell,95.04,1,US,1567542220,38,38.9,-98.86,102.99,3.36,4278471
Tessalit,96.93,99,ML,1567542220,24,20.2,1.01,96.93,5.19,2449893
Cayenne,87.8,20,GF,1567542221,62,4.94,-52.33,87.8,12.75,3382160
Kahului,82.17,20,US,1567542019,52,20.89,-156.47,87.8,16.11,5847411
Khandbari,58.23,100,NP,1567542221,97,27.38,87.21,58.23,1.61,1283217
Miquelon,62.24,75,PM,1567542222,93,47.1,-56.38,62.6,23.04,3424941
Athabasca,71.91,0,CA,1567542181,43,54.72,-113.29,71.91,4.99,5887916
Carutapera,80.01,95,BR,1567542222,75,-1.2,-46.02,80.01,9.73,3402648
Mahebourg,72.46,75,MU,1567542222,73,-20.41,57.7,73.0,6.93,934322
Chicama,66.2,20,PE,1567542223,77,-7.84,-79.15,66.2,12.75,3698359
Itapirapua,92.97,0,BR,1567542015,16,-15.82,-50.61,92.97,3.58,3460697
Bima,63.45,0,ID,1567542223,95,-8.45,118.73,63.45,1.45,1648759
Sibu,75.07,75,MY,1567542224,100,2.29,111.83,75.2,3.02,1735902
Malanje,74.43,1,AO,1567542224,56,-9.54,16.35,74.43,8.05,2239862
Kodiak,89.55,75,US,1567542225,55,39.95,-94.76,91.99,4.7,4407665
Qaanaaq,34.11,28,GL,1567542225,51,77.48,-69.36,34.11,6.8,3831208
Ostersund,44.22,0,SE,1567542225,81,63.18,14.64,44.6,8.05,2685750
Severo-Kurilsk,50.49,100,RU,1567542226,95,50.68,156.12,50.49,12.91,2121385
Vanimo,79.47,29,PG,1567542226,82,-2.67,141.3,79.47,8.81,2084442
Garissa,74.25,19,KE,1567542226,75,-0.46,39.64,74.25,20.67,197745
Kapaa,84.2,40,US,1567542227,62,22.08,-159.32,87.8,11.41,5848280
Castro,50.0,0,CL,1567542227,61,-42.48,-73.76,50.0,8.05,3896218
Hermanus,56.79,33,ZA,1567542227,83,-34.42,19.24,59.0,1.99,3366880
Muros,70.77,0,ES,1567542227,68,42.77,-9.06,73.99,3.36,3115824
Butaritari,84.15,67,KI,1567542228,65,3.07,172.79,84.15,3.29,2110227
Chuy,48.69,48,UY,1567542228,58,-33.69,-53.46,48.69,11.5,3443061
Faanui,77.68,52,PF,1567542228,84,-16.48,-151.75,77.68,18.39,4034551
Kavieng,83.61,85,PG,1567542122,75,-2.57,150.8,83.61,12.26,2094342
Atuona,79.29,0,PF,1567542229,76,-9.8,-139.03,79.29,14.32,4020109
Port Lincoln,57.87,100,AU,1567542229,86,-34.72,135.86,57.87,4.34,2063036
Sioux Lookout,52.83,75,CA,1567542230,71,50.1,-91.92,53.6,6.93,6148373
Mataura,39.99,100,NZ,1567542230,96,-46.19,168.86,39.99,1.01,6201424
Aras,61.43,0,ES,1567542230,60,42.56,-2.36,68.0,2.24,3129839
Mantua,70.3,40,IT,1567542231,60,45.16,10.79,73.4,4.7,3174050
Nikolskoye,56.35,75,RU,1567542231,87,59.7,30.79,57.0,2.24,546105
East London,54.27,0,ZA,1567542066,80,-33.02,27.91,54.27,3.87,1006984
Hobart,47.35,0,AU,1567542018,57,-42.88,147.33,50.0,8.05,2163355
Torbay,61.23,90,CA,1567542231,82,47.66,-52.73,64.99,23.04,6167817
Malente,60.89,40,DE,1567542232,93,54.17,10.56,63.0,4.7,6551656
Yellowknife,48.09,90,CA,1567542232,76,62.45,-114.38,48.2,12.75,6185377
Tuatapere,39.99,100,NZ,1567542232,96,-46.13,167.69,39.99,1.01,2180815
Puerto Ayora,77.29,20,EC,1567542196,61,-0.74,-90.35,80.6,20.8,3652764
Camopi,87.03,61,GF,1567542233,55,3.17,-52.33,87.03,2.91,3382226
Lorengau,79.83,44,PG,1567542234,83,-2.02,147.27,79.83,6.55,2092164
Ribeira Grande,71.6,75,PT,1567542234,68,38.52,-28.7,71.6,8.05,3372707
Flinders,46.71,0,AU,1567542234,87,-34.58,150.85,48.99,4.7,6255012
Namibe,65.07,53,AO,1567542234,85,-15.19,12.15,65.07,6.11,3347019
Elizabeth City,82.87,1,US,1567542235,65,36.3,-76.22,88.0,8.05,4465088
Punta Arenas,41.0,40,CL,1567542235,56,-53.16,-70.91,41.0,13.87,3874787
Bethel,53.6,90,US,1567542235,81,60.79,-161.76,53.6,23.04,5880568
Oktyabrskoye,47.19,20,RU,1567542236,93,56.73,85.44,48.0,4.47,1511846
Sao Joao da Barra,79.54,0,BR,1567542236,65,-21.64,-41.05,82.4,20.8,3448903
Klaksvik,48.2,100,FO,1567542236,70,62.23,-6.59,48.2,10.29,2618795
Jamestown,53.73,45,AU,1567542237,50,-33.21,138.6,53.73,2.46,2069194
Oskarshamn,59.54,0,SE,1567542237,87,57.26,16.44,62.01,6.93,2686162
Ko Samui,81.99,100,TH,1567542237,76,9.54,99.94,81.99,12.21,1154689
Yerbogachen,45.81,96,RU,1567542237,88,61.28,108.01,45.81,8.81,2012956
Guerrero Negro,72.99,6,MX,1567542238,80,27.97,-114.04,72.99,8.95,4021858
Saint George,72.84,20,GR,1567542238,56,39.45,22.34,79.0,9.17,262462
Pevek,37.53,0,RU,1567542238,84,69.7,170.27,37.53,3.04,2122090
Puerto El Triunfo,90.46,20,SV,1567542239,55,13.27,-88.55,91.4,6.93,3584003
Fayaoue,70.29,0,NC,1567542239,59,-20.65,166.53,70.29,14.29,2141305
Road Town,85.55,40,VG,1567542182,62,18.42,-64.62,87.8,10.29,3577430
Baneh,73.4,0,IR,1567542239,33,35.99,45.88,73.4,6.93,141584
Biak,57.15,100,ID,1567542240,90,-0.91,122.88,57.15,2.82,1637001
Glendive,74.28,1,US,1567542240,31,47.11,-104.71,75.99,8.05,5654391
Prince Rupert,57.2,90,CA,1567542001,87,54.32,-130.32,57.2,3.36,6113406
Narsaq,53.6,100,GL,1567542241,62,60.91,-46.05,53.6,18.34,3421719
Conceicao do Mato Dentro,73.18,0,BR,1567542241,53,-19.04,-43.42,73.18,5.32,3465745
Rudnichnyy,44.19,83,RU,1567542241,96,59.7,60.29,44.19,3.24,1493457
Awjilah,84.69,13,LY,1567542241,35,29.14,21.3,84.69,15.17,88533
Puerto Madero,54.73,0,AR,1567542242,26,-34.61,-58.36,55.4,11.41,3435910
Fairbanks,55.02,75,US,1567542220,62,64.84,-147.72,61.0,3.36,5861897
Shimoda,72.7,28,JP,1567542242,94,34.7,138.93,75.99,1.01,1852357
Lang Son,70.47,62,VN,1567542243,94,21.83,106.73,70.47,4.09,1576633
Penzance,61.25,75,GB,1567542243,87,50.12,-5.53,62.01,13.87,2640377
Watertown,71.65,75,US,1567542243,53,44.9,-97.12,73.4,20.8,5232741
Hasaki,70.61,75,JP,1567542244,100,35.73,140.83,71.6,8.05,2112802
Ushuaia,36.36,75,AR,1567542244,64,-54.81,-68.31,37.4,19.46,3833367
Georgetown,86.81,20,GY,1567541945,66,6.8,-58.16,87.8,11.41,3378644
Peniche,72.27,0,PT,1567542245,64,39.36,-9.38,78.8,5.82,2264923
Skibotn,51.8,75,NO,1567542245,71,69.39,20.27,51.8,38.03,7626405
Nicoya,85.35,20,CR,1567542245,59,10.15,-85.45,89.6,9.17,3622716
Shingu,67.05,11,JP,1567542245,89,33.72,135.99,67.05,4.07,1847947
Bluff,63.63,88,AU,1567542246,36,-23.58,149.07,63.63,2.33,2175403
Tigil,49.95,100,RU,1567542246,70,57.8,158.67,49.95,2.39,2120612
Salalah,78.8,90,OM,1567542246,94,17.01,54.1,78.8,2.24,286621
Sinnamary,81.99,0,GF,1567542247,81,5.38,-52.96,81.99,17.81,3380290
Jingdezhen,67.59,0,CN,1567542247,97,29.29,117.2,67.59,2.93,1805680
Jasper,92.82,1,US,1567542017,41,33.83,-87.28,96.01,7.05,4069659
Nanortalik,46.71,100,GL,1567542248,87,60.14,-45.24,46.71,14.32,3421765
Lavrentiya,45.99,100,RU,1567542248,98,65.58,-170.99,45.99,4.0,4031637
Tauranga,58.32,100,NZ,1567542121,100,-37.69,176.17,60.01,15.01,2208032
Sinop,68.13,15,TR,1567542249,77,42.03,35.15,68.13,4.07,739600
Thompson,53.6,75,CA,1567542249,76,55.74,-97.86,53.6,12.75,6165406
Nisia Floresta,81.7,40,BR,1567542249,74,-6.09,-35.21,82.4,13.87,3393922
Qasigiannguit,46.4,20,GL,1567542249,52,68.82,-51.19,46.4,4.7,3420768
Kodino,56.97,86,RU,1567542250,97,63.72,39.64,56.97,4.03,546742
Ust-Maya,49.23,100,RU,1567542250,96,60.42,134.54,49.23,4.54,2013918
Kidal,94.77,100,ML,1567542250,28,18.44,1.41,94.77,12.55,2455290
Diffa,89.01,40,NE,1567542251,41,13.32,12.61,89.01,9.91,2445704
Young,55.0,0,UY,1567542251,31,-32.7,-57.63,55.0,4.0,3439525
Rocha,43.47,67,UY,1567542251,66,-34.48,-54.34,43.47,9.15,3440777
Barra do Corda,89.37,1,BR,1567542251,38,-5.5,-45.25,89.37,2.66,3406318
Katsuura,76.17,75,JP,1567542252,94,33.93,134.5,77.0,4.7,1865309
Jolalpan,87.01,56,MX,1567542252,46,18.32,-98.85,87.01,1.01,3819050
Taoudenni,100.18,31,ML,1567542252,22,22.68,-3.98,100.18,21.81,2450173
Bamiantong,56.97,0,CN,1567542253,93,44.93,130.53,56.97,2.98,2038482
Bredasdorp,58.32,25,ZA,1567542253,67,-34.53,20.04,59.0,4.7,1015776
Samarai,69.93,94,PG,1567542253,82,-10.62,150.67,69.93,7.16,2132606
Richards Bay,71.19,0,ZA,1567542254,76,-28.77,32.06,71.19,12.66,962367
Nhulunbuy,66.2,53,AU,1567542254,93,-12.18,136.78,66.2,4.7,2064735
Saskylakh,43.11,100,RU,1567542255,78,71.97,114.09,43.11,10.11,2017155
Saint-Junien,65.61,0,FR,1567542255,37,45.89,0.9,68.0,8.05,6454825
Broome,65.26,40,GB,1567542255,64,52.47,1.45,68.0,9.17,2656067
Te Anau,40.77,100,NZ,1567542255,88,-45.41,167.72,40.77,0.6,2181625
Kaniama,72.63,14,CD,1567542256,64,-7.57,24.18,72.63,2.53,214389
Yelnya,60.57,0,RU,1567542256,94,54.58,33.19,60.57,6.02,467753
Tasiilaq,44.6,26,GL,1567542256,56,65.61,-37.64,44.6,4.7,3424607
Nouadhibou,75.2,0,MR,1567542257,78,20.93,-17.03,75.2,18.34,2377457
Olinda,48.22,40,AU,1567542257,100,-37.84,145.39,53.01,11.41,2154386
Hithadhoo,82.71,0,MV,1567542257,77,-0.6,73.08,82.71,11.61,1282256
Seymchan,49.95,94,RU,1567542258,54,62.93,152.39,49.95,3.4,2121373
Kalanchak,70.47,6,UA,1567542258,46,46.26,33.28,70.47,6.06,707232
Togur,49.41,100,RU,1567542068,97,58.36,82.83,49.41,3.31,1489499
Mount Vernon,85.66,20,US,1567542259,42,38.73,-77.1,89.01,3.36,7258318
Khani,66.2,0,GE,1567542259,100,41.96,42.96,66.2,3.36,610864
Norman Wells,53.6,90,CA,1567542259,81,65.28,-126.83,53.6,5.82,6089245
Port Macquarie,42.33,0,AU,1567542180,100,-31.43,152.91,46.0,2.24,2152659
Pisco,68.16,40,PE,1567542260,30,-13.71,-76.2,71.6,8.05,3932145
Lakatoro,74.25,59,VU,1567542260,76,-16.11,167.42,74.25,18.41,2136697
Praia da Vitoria,71.6,75,PT,1567542260,60,38.73,-27.07,71.6,18.32,3372760
Iquique,64.4,0,CL,1567542224,63,-20.22,-70.14,64.4,14.99,3887127
Barrow,43.47,32,AR,1567542261,64,-38.31,-60.23,43.47,17.72,3833859
Busselton,47.62,31,AU,1567542261,56,-33.64,115.35,51.01,29.95,2075265
Khovu-Aksy,49.95,100,RU,1567542262,82,51.13,93.72,49.95,4.27,1503527
Avera,91.11,40,US,1567542262,49,33.19,-82.53,93.2,8.05,4231997
Marawi,73.0,100,PH,1567542263,88,8.0,124.29,73.0,5.99,1701054
Lonar,72.09,100,IN,1567542263,90,19.99,76.52,72.09,10.49,1264794
Bukama,72.63,82,CD,1567542263,33,-9.2,25.85,72.63,0.98,217834
Tampere,53.06,0,FI,1567542131,71,61.5,23.76,55.4,4.7,634964
Acapulco,87.8,75,MX,1567542264,70,16.86,-99.88,87.8,5.82,3533462
Chadiza,66.51,0,ZM,1567542264,57,-14.06,32.43,66.51,9.82,921028
Arlit,100.35,8,NE,1567542264,19,18.74,7.39,100.35,8.19,2447513
Clyde River,42.8,75,CA,1567542265,93,70.47,-68.59,42.8,13.87,5924351
Coihaique,48.87,40,CL,1567542265,36,-45.58,-72.07,53.6,6.93,3894426
Victoria,81.23,75,BN,1567542266,83,5.28,115.24,82.4,2.24,1733782
Miyako,75.58,100,JP,1567542266,94,33.63,130.94,78.8,6.93,1848087
Sistranda,50.72,75,NO,1567542266,87,63.73,8.83,53.01,16.11,3139597
Vila Velha,80.47,20,BR,1567542267,65,-3.71,-38.6,82.4,16.11,6320062
Naze,77.0,75,NG,1567542267,94,5.43,7.07,77.0,4.7,2337542
Codrington,48.38,0,AU,1567542267,93,-28.95,153.24,57.0,8.05,2160063
Port Alfred,61.0,0,ZA,1567542268,85,-33.59,26.89,61.0,3.0,964432
Lompoc,81.7,1,US,1567542268,64,34.64,-120.46,97.0,13.87,5367788
Ushibuka,78.57,100,JP,1567542268,80,32.19,130.02,78.57,5.28,1849154
Ancud,50.0,0,CL,1567542268,61,-41.87,-73.83,50.0,8.05,3899695
Bathsheba,87.8,40,BB,1567542070,66,13.22,-59.52,87.8,19.46,3374083
Deep River,62.89,20,CA,1567542269,77,46.1,-77.49,63.0,7.78,5937073
Banda Aceh,81.81,100,ID,1567542054,82,5.56,95.32,81.81,19.48,1215502
Vestmanna,48.2,100,FO,1567542270,70,62.16,-7.17,48.2,10.29,2610343
Provideniya,50.0,90,RU,1567542270,93,64.42,-173.23,50.0,11.18,4031574
Beaufort,79.45,75,MY,1567542270,83,5.36,115.76,80.6,2.24,1733874
Marzuq,83.79,33,YE,1567542271,31,14.4,46.47,83.79,6.17,72181
Ambon,60.98,0,FR,1567542271,77,47.55,-2.56,63.0,4.7,3037899
Aklavik,51.8,75,CA,1567542271,76,68.22,-135.01,51.8,11.41,5882953
Panama City,93.2,75,US,1567542090,49,30.16,-85.65,95.0,8.05,4167694
Gari,45.81,100,RU,1567542272,98,59.43,62.35,45.81,4.52,1506676
Bonnyville,71.6,20,CA,1567542272,46,54.27,-110.74,71.6,10.29,5905616
Falam,64.89,100,MM,1567542272,99,22.91,93.68,64.89,2.46,1326105
Vaitape,77.68,52,PF,1567542273,84,-16.52,-151.75,77.68,18.39,4033077
Ponta do Sol,79.47,86,BR,1567542273,35,-20.63,-46.0,79.47,1.5,3453439
Tocopilla,56.61,97,CL,1567542247,81,-22.09,-70.2,56.61,8.99,3869716
Tongchuan,71.6,0,CN,1567542273,73,34.9,108.95,71.6,8.95,7064006
Parrita,75.79,75,CR,1567542274,73,9.52,-84.33,78.8,11.41,3622537
Murray Bridge,51.87,100,AU,1567542274,54,-35.12,139.28,55.99,9.04,2065176
El Dorado,84.76,20,TT,1567542274,70,10.65,-61.37,86.0,8.05,3574604
Kedrovyy,42.8,40,RU,1567542275,100,56.17,91.82,42.8,8.59,1538641
Constitucion,71.74,40,MX,1567542275,53,23.99,-104.67,72.0,16.15,4011743
Along,59.85,100,IN,1567542275,97,28.17,94.8,59.85,2.59,1278969
Inhambane,61.11,0,MZ,1567542276,91,-23.87,35.38,61.11,6.62,1045114
San Fernando,84.79,20,TT,1567542276,70,10.28,-61.46,86.0,8.05,3573739
Ler,49.55,75,NO,1567542276,76,63.2,10.3,51.8,9.17,3146125
Buin,72.7,0,CL,1567542277,10,-33.73,-70.74,75.2,6.93,3897774
Shymkent,60.8,0,KZ,1567542277,41,42.31,69.59,60.8,6.71,1518980
Mayo,60.8,40,CA,1567542214,59,63.59,-135.9,60.8,2.24,6068416
Shirokiy,48.99,38,RU,1567542278,69,53.87,39.17,48.99,8.19,512255
Taganak,78.21,75,PH,1567542278,94,6.08,118.3,78.8,6.02,1684606
Kawalu,64.35,100,ID,1567542279,94,-7.38,108.21,64.35,3.4,1640902
Adrar,86.0,40,DZ,1567542279,37,27.87,-0.29,86.0,36.91,2508813
Leh,48.33,0,IN,1567542279,34,34.16,77.58,48.33,4.61,1264976
Byron Bay,48.13,0,AU,1567542280,93,-28.65,153.62,57.0,3.36,2172880
Veracruz,80.6,75,EC,1567542280,54,-1.5,-77.92,80.6,5.82,3652584
Frontignan,73.67,0,FR,1567542280,68,43.45,3.75,75.99,4.7,3016956
Carnarvon,54.63,0,ZA,1567542280,11,-30.97,22.13,54.63,4.25,1014034
Lyubech,59.31,76,UA,1567542281,93,51.7,30.66,59.31,11.68,702477
Portland,72.18,40,US,1567542012,64,43.66,-70.25,77.0,8.05,4975802
Show Low,89.4,20,US,1567542137,19,34.25,-110.03,96.01,10.29,5314245
Makakilo City,84.76,20,US,1567542281,55,21.35,-158.09,87.8,6.93,5850554
Vysokogornyy,46.17,0,RU,1567542282,95,50.1,139.13,46.17,2.15,2013216
Goderich,77.13,83,CA,1567542282,84,43.74,-81.71,78.01,3.0,5962442
Cherskiy,45.99,0,RU,1567542282,48,68.75,161.3,45.99,3.71,2126199
Soubre,71.91,81,CI,1567542283,98,5.79,-6.61,71.91,2.8,2598243
Moerai,69.21,100,PF,1567542283,61,-22.43,-151.33,69.21,15.9,4034188
Raudeberg,49.96,75,NO,1567542283,71,61.99,5.14,51.8,5.82,3146487
Bubaque,82.53,100,GW,1567542283,84,11.28,-15.83,82.53,10.78,2374583
Kautokeino,45.09,35,NO,1567542284,66,69.01,23.04,45.09,21.63,779330
Lebu,59.0,75,ET,1567542284,72,8.96,38.73,59.0,6.93,344979
Middleton,61.74,90,GB,1567542284,93,53.55,-2.2,64.4,6.93,2642593
Kalanguy,59.85,100,RU,1567542285,91,51.01,116.52,59.85,4.09,2023298
Belmonte,80.15,0,PT,1567542285,50,40.36,-7.35,86.0,3.04,8010472
Port Blair,81.63,100,IN,1567542286,81,11.67,92.75,81.63,24.47,1259385
Bitung,69.8,20,ID,1567542286,88,1.44,125.19,69.8,2.24,1648636
Zhigansk,35.01,11,RU,1567542286,82,66.77,123.37,35.01,6.51,2012530
Roros,37.4,88,NO,1567542286,93,62.57,11.38,37.4,3.87,3141332
Kaa-Khem,48.33,70,RU,1567542287,78,51.7,94.56,48.33,4.0,1500973
Suntar,45.45,67,RU,1567542287,95,62.16,117.65,45.45,4.16,2015913
Meulaboh,79.65,100,ID,1567542287,84,4.14,96.13,79.65,6.87,1214488
Iqaluit,42.37,90,CA,1567542288,93,63.75,-68.52,42.8,23.04,5983720
Sohbatpur,94.95,51,PK,1567542288,46,28.52,68.54,94.95,3.18,1164660
Ferkessedougou,73.35,78,CI,1567542288,95,9.6,-5.2,73.35,5.68,2289049
Dawson Creek,71.35,1,CA,1567542289,43,55.76,-120.23,73.4,5.82,5935804
Kozhva,45.63,47,RU,1567542289,79,65.11,57.05,45.63,3.56,543246
Grimshaw,70.52,75,CA,1567542289,59,56.19,-117.61,73.0,5.82,5967157
Derzhavinsk,51.75,56,KZ,1567542289,63,51.1,66.31,51.75,6.82,1524606
Narang,86.0,0,PK,1567542290,84,32.43,73.82,86.0,4.45,1172663
Hay River,60.8,75,CA,1567542290,72,60.82,-115.79,60.8,6.93,5972762
Neklyudovo,50.49,0,RU,1567542290,82,54.88,41.31,50.49,4.68,551891
Vestmannaeyjar,51.57,0,IS,1567542291,70,63.44,-20.27,51.57,18.59,3412093
Otane,52.0,100,NZ,1567542291,94,-39.89,176.62,52.0,5.99,2185329
Talnakh,44.6,90,RU,1567542291,100,69.49,88.39,44.6,4.47,1490256
Namtsy,53.6,20,RU,1567542291,87,62.72,129.66,53.6,4.47,2019488
Saint-Philippe,67.37,1,CA,1567542292,48,45.36,-73.48,69.8,4.7,6138908
Liepaja,59.25,65,LV,1567542292,93,56.52,21.02,60.8,6.93,457954
Puerto Carreno,91.4,40,CO,1567542292,55,6.19,-67.49,91.4,6.55,3671519
Greenville,88.92,40,US,1567542061,43,34.85,-82.4,95.0,3.36,4580543
Cruzeiro do Sul,91.4,40,BR,1567542293,59,-7.63,-72.67,91.4,3.36,3662616
Lerwick,52.7,92,GB,1567542293,93,60.15,-1.15,53.6,14.99,2644605
Mount Gambier,44.6,90,AU,1567542294,100,-37.83,140.78,44.6,8.05,2156643
Deming,89.17,1,US,1567542294,22,32.27,-107.76,90.0,6.93,5464806
Beringovskiy,41.67,100,RU,1567542294,94,63.05,179.32,41.67,5.86,2126710
Cockburn Town,84.15,0,TC,1567542295,74,21.46,-71.14,84.15,13.27,3576994
Kuala Terengganu,75.06,75,MY,1567542295,94,5.33,103.14,75.2,3.36,1734705
Meridian,90.09,1,US,1567542295,16,43.61,-116.39,93.0,5.59,5600685
Sokoto,85.59,0,NG,1567542296,53,13.06,5.24,85.59,9.04,2322911
Yarmouth,67.12,75,CA,1567542296,82,43.84,-66.12,70.0,11.41,6185217
Sola,73.35,20,TZ,1567542296,34,-3.17,33.8,73.35,6.69,151211
Egvekinot,36.45,100,RU,1567542219,88,66.32,-179.17,36.45,16.67,4031742
Severnoye,46.17,7,RU,1567542297,94,54.09,52.54,46.17,6.78,496381
Penarroya-Pueblonuevo,85.96,0,ES,1567542297,27,38.3,-5.27,89.6,8.05,2512730
Pringsewu,69.03,98,ID,1567542298,96,-5.36,104.98,69.03,0.34,1630639
Tabou,74.61,19,CI,1567542298,93,4.42,-7.36,74.61,4.25,2281120
Isangel,66.2,40,VU,1567542298,88,-19.55,169.27,66.2,15.46,2136825
Viransehir,74.79,0,TR,1567542298,22,37.24,39.76,74.79,4.83,298033
San Cristobal,90.27,2,HN,1567542299,28,14.68,-86.92,90.27,11.61,3609418
Dingle,73.18,100,PH,1567542299,83,11.0,122.67,73.18,3.06,1714733
Haukipudas,45.99,0,FI,1567542299,87,65.17,25.5,48.2,5.82,658630
Fare,76.95,20,PF,1567542300,84,-16.7,-151.02,76.95,18.28,4034496
Moosomin,59.31,98,CA,1567542300,62,50.14,-101.67,59.31,8.68,6078359
Sao Filipe,80.91,100,CV,1567542300,86,14.9,-24.5,80.91,5.79,3374210
Nicolas Bravo,71.82,75,MX,1567542300,43,24.39,-104.74,72.0,4.7,4015683
Ola,50.31,0,RU,1567542301,88,59.58,151.3,50.31,2.86,2122574
Udachnyy,39.2,90,RU,1567542301,86,66.42,112.4,39.2,2.24,2014624
Sur,83.97,93,OM,1567542301,53,22.57,59.53,83.97,9.08,286245
Yar-Sale,48.51,100,RU,1567542302,89,66.83,70.83,48.51,6.58,1486321
Hofn,33.21,24,IS,1567542302,80,64.25,-15.21,33.21,11.77,2630299
LUGOBA,71.55,24,TZ,1567542302,77,-6.46,38.33,71.55,5.21,155743
Najran,87.8,40,SA,1567542303,18,17.54,44.22,87.8,4.7,103630
Fortuna,71.76,20,US,1567542272,68,40.6,-124.16,82.99,13.87,5563839
Verkhnyaya Inta,44.73,8,RU,1567542303,88,65.99,60.32,44.73,7.36,1487332
Ilulissat,46.4,20,GL,1567542303,52,69.22,-51.1,46.4,4.7,3423146
Lander,72.88,20,US,1567542304,37,42.83,-108.73,78.01,7.09,5830007
Adiake,77.0,40,CI,1567542304,88,5.29,-3.3,77.0,4.7,2293428
Pihani,85.05,86,IN,1567542304,70,27.62,80.2,85.05,5.97,1259701
Liverpool,61.86,75,GB,1567542135,88,53.41,-2.98,64.4,16.11,2644210
Diu,78.75,100,IN,1567542305,91,20.71,70.98,78.75,9.19,1272502
Namatanai,78.57,90,PG,1567542305,86,-3.66,152.44,78.57,11.74,2090021
Bastia,71.35,0,IT,1567542305,44,44.6,8.98,80.6,6.93,3176217
Carballo,68.94,0,ES,1567542306,68,43.21,-8.69,72.0,4.7,3126369
Venado Tuerto,57.99,0,AR,1567542306,15,-33.75,-61.97,57.99,5.99,3833062
Mamallapuram,82.4,40,IN,1567542306,88,12.63,80.17,82.4,5.82,1263997
Kruisfontein,51.57,1,ZA,1567542307,92,-34.0,24.73,51.57,8.01,986717
Grinnell,80.44,1,US,1567542307,65,41.74,-92.72,86.0,19.46,4859343
Cuamba,66.33,0,MZ,1567542307,76,-14.8,36.54,66.33,9.06,1047660
Bilibino,38.61,0,RU,1567542308,57,68.06,166.44,38.61,1.88,2126682
Kardla,54.64,0,EE,1567542308,93,58.44,26.57,55.4,5.82,588335
Bambous Virieux,72.41,75,MU,1567542308,73,-20.34,57.76,73.0,6.93,1106677
Ulladulla,46.65,0,AU,1567542308,87,-35.36,150.48,46.99,4.7,2145554
Cidreira,53.73,76,BR,1567542309,64,-30.17,-50.22,53.73,7.74,3466165
New Norfolk,47.14,0,AU,1567542309,57,-42.78,147.06,50.0,8.05,2155415
Ozinki,52.83,0,RU,1567542310,79,51.2,49.73,52.83,7.43,513328
Port Augusta,55.26,40,AU,1567542310,66,-32.49,137.76,55.4,4.7,2063056
Tabas,91.4,0,IR,1567542021,14,33.6,56.92,91.4,4.7,113659
Revelstoke,75.2,1,CA,1567542310,47,50.99,-118.19,75.2,4.7,6121621
Lewistown,85.68,1,US,1567542311,66,40.39,-90.15,88.0,10.29,4899665
Quatre Cocos,72.37,75,MU,1567542311,73,-20.21,57.76,73.0,6.93,1106643
Tazovskiy,42.93,100,RU,1567542312,99,67.47,78.7,42.93,5.5,1489853
Anahuac,90.05,42,MX,1567542312,70,26.44,-109.02,93.0,5.99,4017764
Chokurdakh,40.59,0,RU,1567542312,75,70.62,147.9,40.59,9.28,2126123
Touros,80.6,40,BR,1567542313,74,-5.2,-35.46,80.6,13.87,3386213
Souillac,67.48,0,FR,1567542313,37,45.6,-0.6,71.6,6.93,3026644
Vradiyivka,69.57,100,UA,1567542313,76,47.86,30.59,69.57,10.74,688846
Lasa,75.79,20,CY,1567542314,69,34.92,32.53,78.8,6.93,146639
Okhotsk,51.57,6,RU,1567542120,88,59.36,143.24,51.57,4.72,2122605
Rio Gallegos,41.0,75,AR,1567542314,44,-51.62,-69.22,41.0,8.05,3838859
Nyuksenitsa,48.51,0,RU,1567542314,86,60.41,44.24,48.51,4.34,516539
Kokkola,52.2,0,FI,1567542315,93,63.84,23.13,57.0,3.36,651951
Santiago,72.99,100,PH,1567542183,84,16.69,121.54,72.99,3.74,1687801
Faya,70.74,35,SA,1567542315,77,18.39,42.45,71.6,5.82,110690
Gashua,89.01,21,NG,1567542315,35,12.87,11.04,89.01,8.52,2341656
Belyy Yar,55.4,40,RU,1567542316,87,53.6,91.39,55.4,8.95,1510377
Dunedin,46.0,100,NZ,1567542227,85,-45.87,170.5,46.0,23.0,2191562
Tambacounda,87.8,0,SN,1567542317,70,13.77,-13.67,87.8,2.24,2244991
Kharp,44.19,96,RU,1567542317,87,66.82,65.8,44.19,6.67,1503726
Vila Franca do Campo,70.45,20,PT,1567542317,68,37.72,-25.43,71.01,12.75,3372472
Gubin,60.93,13,PL,1567542318,64,51.95,14.73,63.0,4.63,3098130
Guarapari,79.47,0,BR,1567542318,65,-20.67,-40.5,80.6,20.8,3461888
Port-Gentil,77.0,40,GA,1567542318,83,-0.72,8.78,77.0,11.41,2396518
Malaya Purga,50.0,1,RU,1567542319,92,56.55,53.01,50.0,4.0,531426
Marandahalli,69.8,75,IN,1567542319,100,12.89,78.11,69.8,11.41,1258109
Komsomolskiy,49.41,100,RU,1567542319,79,67.55,63.78,49.41,5.88,1486910
Imatra,55.8,0,FI,1567542319,87,61.17,28.77,55.99,2.24,656688
Grindavik,50.95,0,IS,1567542320,71,63.84,-22.43,51.8,11.41,3416888
Dakar,82.4,40,SN,1567542191,88,14.69,-17.45,82.4,11.41,2253354
Luena,69.75,14,AO,1567542320,35,-11.78,19.91,69.75,3.8,3347719
Quepos,75.79,75,CR,1567542321,57,9.43,-84.16,78.8,10.29,3622193
Kalloni,78.87,20,GR,1567542321,44,35.21,25.19,80.6,16.11,261741
Chakulia,77.49,97,IN,1567542321,97,22.48,86.72,77.49,3.53,1274881
Salas,66.2,20,PE,1567542322,29,-6.27,-79.61,66.2,17.22,3694569
Xinzhou,56.61,68,CN,1567542322,49,38.41,112.73,56.61,2.08,1788450
Long,58.57,90,FR,1567542322,77,50.04,1.98,62.6,5.82,3037853
Walvis Bay,54.0,0,NA,1567542323,93,-22.95,14.51,54.0,1.99,3359638
Mareeba,50.63,61,AU,1567542323,87,-16.99,145.42,51.8,2.24,2158767
Auki,79.65,0,NG,1567542323,64,12.18,6.51,79.65,7.67,2339937
Port Hedland,59.0,75,AU,1567542323,100,-20.31,118.58,59.0,8.05,2063042
Saint-Joseph,74.23,0,FR,1567542324,64,43.56,6.97,78.8,3.36,3037456
Deputatskiy,40.23,0,RU,1567542324,62,69.3,139.9,40.23,3.13,2028164
Kariai,78.37,49,GR,1567542325,57,37.3,22.5,78.8,8.05,260956
Tomatlan,87.57,35,MX,1567542325,66,19.93,-105.25,87.57,18.63,3981391
Tramandai,52.11,30,BR,1567542325,81,-29.98,-50.13,52.11,3.49,3446232
Hornepayne,53.55,100,CA,1567542325,64,49.22,-84.78,53.55,7.25,5977046
Ellensburg,82.08,1,US,1567542326,22,47.0,-120.55,88.0,9.17,5793639
Matara,53.73,19,BI,1567542326,76,-3.48,29.48,53.73,1.74,425378
Zyryanka,52.83,100,RU,1567542326,56,65.73,150.89,52.83,2.19,2119283
Khatanga,43.83,94,RU,1567542327,85,71.98,102.47,43.83,9.69,2022572
Wake Forest,89.53,1,US,1567542048,45,35.98,-78.51,93.0,6.93,4497290
Tandil,55.0,0,AR,1567542157,20,-37.33,-59.14,55.0,10.0,3427833
Poli,73.35,100,CM,1567542327,91,8.48,13.24,73.35,0.96,2222539
Sangar,36.81,0,RU,1567542328,80,63.92,127.47,36.81,8.63,2017215
Newport,61.75,90,GB,1567542245,82,51.59,-3.0,64.0,11.41,2641598
Aden,91.18,0,YE,1567542328,53,12.79,45.03,91.18,7.54,415189
Borogontsy,46.71,100,RU,1567542329,94,62.67,131.17,46.71,7.78,2026160
Karpogory,55.35,18,RU,1567542329,86,64.0,44.44,55.35,5.44,552256
Kloulklubed,77.0,90,PW,1567542329,88,7.04,134.26,77.0,17.22,7671223
Moultonborough,72.64,40,US,1567542330,49,43.76,-71.4,78.01,3.36,5089850
Saint-Ambroise,58.37,75,CA,1567542330,47,48.56,-71.32,61.0,5.82,6137381
Sebeta,59.0,75,ET,1567542330,72,8.91,38.62,59.0,6.93,329114
Novyy Svit,73.71,2,UA,1567542331,37,47.81,38.02,73.71,5.86,698861
Los Llanos de Aridane,69.69,0,ES,1567542331,50,28.66,-17.92,75.2,4.7,2514651
Siilinjarvi,57.2,0,FI,1567542331,76,63.08,27.67,57.2,6.93,636947
Mitsamiouli,77.49,36,KM,1567542331,82,-11.38,43.28,77.49,15.43,921786
Ayan,53.91,0,IR,1567542332,63,38.23,44.7,53.91,4.97,117656
Catalao,87.39,76,BR,1567542072,22,-18.17,-47.95,87.39,5.93,3466696
Povenets,54.63,100,RU,1567542332,91,62.85,34.83,54.63,3.4,505820
Aksarka,48.87,100,RU,1567542333,81,66.56,67.8,48.87,2.59,1512019
Vardo,84.06,20,US,1567542333,42,39.62,-77.74,87.01,8.05,4372777
San Ignacio,80.55,94,PE,1567542333,41,-5.15,-79.0,80.55,0.96,3692529
Morondava,75.51,57,MG,1567542333,67,-20.3,44.28,75.51,23.04,1058381
Yendi,76.05,96,GH,1567542334,86,9.45,0.0,76.05,2.95,2293801
Springdale,88.59,75,US,1567542181,52,36.19,-94.13,91.99,6.93,4132093
Bani Walid,67.41,21,LY,1567542335,94,31.76,14.0,67.41,12.86,2218840
Trelew,38.07,100,AR,1567542335,56,-43.25,-65.31,38.07,26.44,3833883
Kungalv,57.51,40,SE,1567542335,76,57.87,11.98,61.0,11.41,2698739
Rome,71.74,0,IT,1567542135,78,41.89,12.48,78.8,2.24,6539761
The Valley,86.95,20,AI,1567542336,66,18.22,-63.06,87.8,16.11,3573374
Turbat,84.15,100,PK,1567542336,54,26.0,63.05,84.15,7.7,1163054
Yelizovo,51.8,75,RU,1567542336,100,53.19,158.38,51.8,2.24,2119538
Mendoza,53.6,0,AR,1567542337,17,-32.89,-68.84,53.6,4.7,3844421
Minsk,53.6,75,BY,1567542337,93,53.9,27.56,53.6,8.95,625144
Balite,75.0,100,PH,1567542337,94,13.83,120.92,75.0,14.41,1726280
Zhezkazgan,52.11,0,KZ,1567542338,49,47.8,67.71,52.11,4.99,1516589
Antofagasta,60.8,0,CL,1567542104,63,-23.65,-70.4,60.8,11.41,3899539
Padang,81.27,100,ID,1567542338,84,-0.92,100.36,81.27,15.9,1633419
Moose Factory,59.0,20,CA,1567542126,54,51.26,-80.61,59.0,13.87,6078372
Belica,52.54,0,HR,1567542339,87,46.41,16.52,55.4,4.7,3204322
Kangaatsiaq,44.01,92,GL,1567542339,72,68.31,-53.46,44.01,23.17,3422683
Bosaso,89.55,0,SO,1567542339,64,11.28,49.18,89.55,7.16,64013
Saint-Pierre,57.22,0,FR,1567542340,72,48.95,4.24,62.6,5.82,2995603
Yulara,48.2,0,AU,1567542340,15,-25.24,130.99,48.2,3.36,6355222
Nkhotakota,64.35,24,MW,1567542341,69,-12.93,34.3,64.35,2.93,924705
Waipawa,52.0,100,NZ,1567542341,94,-39.94,176.59,52.0,5.99,2185329
Tete,77.0,0,MZ,1567542341,47,-16.16,33.59,77.0,8.05,1026014
San Jose,93.2,1,HN,1567542309,34,14.25,-87.96,93.2,9.17,3602137
Qinzhou,75.15,62,CN,1567542342,91,21.96,108.62,75.15,10.63,1797551
Yondo,93.2,20,CO,1567542342,49,7.01,-73.91,93.2,3.36,3665691
Svolvaer,49.48,75,NO,1567542343,87,68.23,14.57,50.0,28.86,3135020
Guozhen,68.85,0,CN,1567542343,87,29.3,113.14,68.85,6.35,1927639
Marsh Harbour,83.61,100,BS,1567542343,78,26.54,-77.06,83.61,44.13,3571913
Bara,79.29,100,NG,1567542344,68,10.41,10.6,79.29,5.64,2347758
Alugan,74.07,90,PH,1567542344,94,12.22,125.48,74.07,3.4,1731248
Maragogi,71.01,0,BR,1567542344,91,-9.01,-35.22,71.01,4.36,3395458
Tiksi,39.69,32,RU,1567542344,91,71.64,128.87,39.69,5.53,2015306
Liaocheng,62.91,0,CN,1567542345,94,36.44,115.96,62.91,5.97,1803834
Kieta,80.55,100,PG,1567542345,77,-6.22,155.63,80.55,5.35,2094027
Huancavelica,42.39,99,PE,1567542345,64,-12.79,-74.97,42.39,10.54,3939470
Makueni,63.81,12,KE,1567542346,82,-1.8,37.62,63.81,4.36,188080
Tibiri,89.55,0,NE,1567542346,39,13.57,7.05,89.55,8.79,2438774
Kindu,71.55,80,CD,1567542346,94,-2.95,25.92,71.55,4.05,212902
Bandarbeyla,76.77,36,SO,1567542347,67,9.49,50.81,76.77,25.57,64814
Ust-Kuyga,45.27,96,RU,1567542347,76,70.0,135.55,45.27,2.13,2013921
Ust-Nera,43.65,100,RU,1567542347,76,64.57,143.24,43.65,3.38,2120048
Ust-Ilimsk,48.51,81,RU,1567542348,76,57.96,102.73,48.51,2.13,2013952
Teguise,73.4,20,ES,1567542348,73,29.06,-13.56,73.4,13.87,2510573
Dharchula,56.07,90,IN,1567542348,93,29.85,80.53,56.07,1.1,1272864
Saldanha,76.77,0,PT,1567542348,28,41.42,-6.55,76.77,1.63,2737599
Olavarria,55.0,0,AR,1567542349,23,-36.89,-60.32,55.0,5.99,3842670
Eyl,76.95,14,SO,1567542349,65,7.98,49.82,76.95,27.63,60019
Mogadishu,78.8,20,SO,1567542181,74,2.04,45.34,78.8,17.22,53654
Luderitz,57.2,33,NA,1567542350,82,-26.65,15.16,57.2,9.17,3355672
Rayong,80.8,40,TH,1567542350,78,12.68,101.28,81.0,4.7,1607017
Praia,91.4,40,BR,1567542350,27,-20.25,-43.81,91.4,3.36,3460954
San Patricio,63.63,0,PY,1567542350,67,-26.98,-56.83,63.63,7.07,3437029
General Pico,54.63,0,AR,1567542351,18,-35.66,-63.75,54.63,6.31,3855075
Umaria,75.51,100,IN,1567542351,92,23.52,80.84,75.51,2.98,1253863
Sedalia,88.81,1,US,1567542228,62,38.7,-93.23,91.0,9.17,4408000
Sobolevo,58.77,88,RU,1567542351,95,54.43,31.9,58.77,10.76,525426
Lesozavodsk,55.71,0,RU,1567542352,89,45.47,133.42,55.71,4.5,2020812
Sabang,75.0,94,PH,1567542352,94,13.8,121.11,75.0,1.54,1726279
Severodvinsk,64.4,20,RU,1567542353,82,64.56,39.82,64.4,4.47,496285
Montepuez,71.19,14,MZ,1567542353,64,-13.13,39.0,71.19,5.55,1037125
Port Hardy,60.8,40,CA,1567542353,82,50.7,-127.42,60.8,10.29,6111862
Sitka,96.04,0,US,1567542353,32,37.17,-99.65,98.01,10.0,4267710
Grand Gaube,72.3,75,MU,1567542354,73,-20.01,57.66,73.0,6.93,934479
Mariinsk,44.55,83,RU,1567542354,97,56.21,87.75,44.55,5.28,1499350
Winnemucca,90.48,1,US,1567542354,18,40.97,-117.74,91.4,8.05,5710360
Aykhal,39.2,90,RU,1567542355,86,65.95,111.51,39.2,2.24,2027296
Ukiah,84.83,1,US,1567542355,27,39.15,-123.21,91.99,3.36,5404476
Saint Anthony,85.66,1,US,1567542355,12,43.97,-111.68,87.8,9.17,5606187
Sigli,72.99,100,ID,1567542355,88,5.38,95.96,72.99,3.69,1213821
Balkanabat,70.29,0,TM,1567542356,48,39.51,54.36,70.29,3.53,161616
Lagoa,73.89,0,PT,1567542356,69,37.14,-8.45,78.8,4.7,2267254
Hervey Bay,51.1,0,AU,1567542356,100,-25.3,152.85,54.0,6.93,2146219
Beyneu,62.19,6,KZ,1567542357,34,45.32,55.19,62.19,6.49,610298
Jalu,87.39,46,LY,1567542284,23,29.03,21.55,87.39,6.53,86049
Konyshevka,64.0,0,RU,1567542358,71,51.85,35.29,64.0,3.0,545223
Gornyatskiy,70.29,64,RU,1567542358,47,48.29,40.96,70.29,5.32,559740
Sungaipenuh,72.63,100,ID,1567542358,96,-2.08,101.38,72.63,1.88,1625929
Melilla,82.4,0,EC,1567542358,58,-0.8,-80.23,82.4,11.41,3659139
Kaitangata,43.0,100,NZ,1567542359,77,-46.28,169.85,43.0,1.01,2208248
Khulna,80.01,100,BD,1567542359,91,22.82,89.55,80.01,6.73,1336135
Marau,64.4,20,BR,1567542360,45,-28.45,-52.2,64.4,18.34,3457817
Astara,56.61,40,AZ,1567542360,100,38.42,48.87,62.6,2.01,142676
Northam,50.0,75,AU,1567542360,87,-31.65,116.67,50.0,6.93,2064550
Kununurra,59.0,87,AU,1567542360,77,-15.77,128.74,59.0,2.24,2068110
Rexburg,85.26,1,US,1567542145,12,43.82,-111.79,87.8,9.17,5605242
Nome,93.34,75,US,1567542361,46,30.04,-94.42,96.01,10.29,4732862
Ahuimanu,84.76,40,US,1567542361,48,21.44,-157.84,87.8,12.75,5856516
Bouloupari,69.15,0,NC,1567542362,77,-21.87,166.05,73.0,5.82,2141722
Gwadar,83.61,72,PK,1567542362,78,25.12,62.33,83.61,11.68,1177446
La Ronge,64.4,40,CA,1567542362,72,55.1,-105.3,64.4,9.17,6050066
San Vicente,82.4,0,EC,1567542362,58,-0.59,-80.41,82.4,11.41,3660401
Buala,80.55,77,SB,1567542363,78,-8.15,159.59,80.55,1.7,2109528
Galveston,79.72,40,US,1567542363,74,40.58,-86.19,84.99,18.34,4920577
Mayor Pablo Lagerenza,79.83,44,PY,1567542364,25,-19.93,-60.77,79.83,7.58,3867427
Gorontalo,66.69,100,ID,1567542364,86,0.54,123.06,66.69,1.86,1643837
Mundi,69.03,10,IN,1567542364,87,32.37,76.01,69.03,4.45,1273648
Lambarene,76.95,92,GA,1567542365,75,-0.7,10.22,76.95,6.53,2399888
Srednekolymsk,47.97,25,RU,1567542365,44,67.46,153.71,47.97,10.07,2121025
Borovoy,45.09,5,RU,1567542365,85,63.23,52.89,45.09,3.02,572091
Fallon,75.65,1,US,1567542365,31,46.84,-105.12,75.99,8.05,5681948
Kabalo,78.39,2,CD,1567542366,50,-6.05,26.92,78.39,4.18,215668
Listvyagi,43.47,21,RU,1567542366,77,53.68,86.95,43.47,5.53,1500485
Dikson,39.15,100,RU,1567542366,90,73.51,80.55,39.15,8.59,1507390
Robertsport,76.59,98,LR,1567542367,91,6.75,-11.37,76.59,11.81,2274275
Upernavik,39.69,0,GL,1567542367,52,72.79,-56.15,39.69,9.06,3418910
Lianzhou,65.43,67,CN,1567542367,93,24.79,112.38,65.43,4.56,1803841
Sladkovo,44.73,32,RU,1567542368,89,55.53,70.34,44.73,3.47,1491719
Taksimo,48.33,98,RU,1567542368,81,56.36,114.84,48.33,9.71,2015701
Miraflores,68.0,40,PE,1567542368,19,-16.39,-71.52,68.0,9.17,3947322
